date,no2,so2,o3,pm10,pm25
2022-10-04,22.880846153846157,2.8,47.17892307692308,107.44961538461538,33.74661538461539
2022-10-05,26.642857142857142,2.9285714285714284,46.776785714285715,114.08464285714285,35.05885714285714
2022-10-06,11.933333333333334,2.2,65.65833333333333,89.97600000000001,27.100733333333334
2022-10-07,17.36842105263158,2.3157894736842106,56.69736842105263,47.14578947368421,15.14678947368421
2022-10-08,11.6,2.4,56.875,47.684999999999995,14.7782
2022-10-09,6.666666666666667,2.066666666666667,71.84166666666667,50.327999999999996,15.599666666666668
2022-10-10,9.117647058823529,2.0,69.66911764705883,53.29058823529412,15.286823529411762
2022-10-11,15.923076923076923,2.076923076923077,52.55769230769231,35.35269230769231,13.066692307692307
2022-10-12,10.6,2.3333333333333335,58.791666666666664,34.025999999999996,12.802333333333333
2022-10-13,18.6,2.6666666666666665,55.9,31.416,11.586333333333334
2022-10-14,24.363636363636363,2.909090909090909,48.88636363636363,29.581363636363633,10.720545454545455
2022-10-15,19.941176470588236,3.1176470588235294,53.0,33.853235294117646,13.701941176470587
2022-10-16,15.666666666666666,3.0,53.072916666666664,42.2025,15.605416666666665
2022-10-17,15.857142857142858,2.9285714285714284,48.526785714285715,54.50142857142857,19.59107142857143
2022-10-18,23.058823529411764,3.176470588235294,48.8235294117647,68.95058823529412,20.56864705882353
2022-10-19,24.571428571428573,2.7857142857142856,36.63392857142857,88.21285714285715,25.130785714285715
2022-10-20,12.591769230769232,2.1818181818181817,39.973846153846154,52.68115384615385,15.410769230769231
2022-10-21,13.285714285714286,2.0,41.125,19.462500000000002,5.788928571428571
2022-10-22,12.470588235294118,2.0,29.264705882352942,13.99764705882353,5.588117647058824
2022-10-23,10.3,2.0,39.9625,18.144,7.7512
2022-10-24,15.235294117647058,2.0588235294117645,34.580882352941174,15.458823529411765,6.019764705882353
2022-10-25,23.153846153846153,2.6923076923076925,30.682692307692307,32.35846153846154,12.400692307692308
2022-10-26,27.857142857142858,2.5,26.839285714285715,42.592499999999994,16.483642857142858
2022-10-27,31.466666666666665,3.066666666666667,35.53333333333333,48.456,19.512800000000002
2022-10-28,37.53846153846154,3.230769230769231,37.5,52.08576923076923,21.45823076923077
2022-10-29,23.6,3.2,40.325,47.565000000000005,19.869066666666665
2022-10-30,22.764705882352942,3.0,51.544117647058826,40.39147058823529,18.67735294117647
2022-10-31,29.923076923076923,2.923076923076923,32.94230769230769,42.29653846153846,18.308769230769233
2022-11-01,29.545454545454547,2.6363636363636362,22.78409090909091,54.24136363636364,21.846363636363638
2022-11-02,27.546666666666667,3.066666666666667,34.083333333333336,37.1525,15.374944444444445
2022-11-03,17.066666666666666,2.8666666666666667,37.018800000000006,30.786,13.079199999999998
2022-11-04,20.846153846153847,2.923076923076923,44.73076923076923,17.505,7.583076923076923
2022-11-05,16.833333333333332,3.0833333333333335,38.78125,21.798750000000002,12.053833333333332
2022-11-06,20.875,3.3125,44.8359375,28.0575,16.3058125
2022-11-07,27.266666666666666,3.6,39.13333333333333,30.317999999999998,16.8128
2022-11-08,27.928571428571427,3.0714285714285716,32.75892857142857,38.92064285714286,21.607785714285715
2022-11-09,16.9,2.8,25.5875,30.075599999999998,18.5519
2022-11-10,21.153846153846153,2.769230769230769,33.10576923076923,16.630076923076924,8.323769230769232
2022-11-11,21.928571428571427,3.0714285714285716,31.642857142857142,17.125714285714285,10.2025
2022-11-12,25.333333333333332,3.066666666666667,32.016666666666666,30.593999999999998,14.421933333333333
2022-11-13,18.95,3.0,34.65625,64.27799999999999,21.2221
2022-11-14,16.25,3.0,41.515625,39.088125,16.1870625
2022-11-15,10.294117647058824,2.0,42.02435294117647,20.72911764705882,9.07235294117647
2022-11-16,11.184571428571429,1.2857142857142858,44.044642857142854,7.538928571428571,3.4575
2022-11-17,7.733333333333333,1.4666666666666666,38.108333333333334,8.920733333333335,4.1854
2022-11-18,10.266666666666667,1.4666666666666666,46.71666666666667,7.602,3.1379333333333337
2022-11-19,6.555555555555555,2.0,48.611111111111114,8.91,3.395555555555555
2022-11-20,10.5,2.0,48.78125,9.894375,5.1273125
2022-11-21,15.142857142857142,2.0,25.357142857142858,12.522857142857143,7.420142857142857
2022-11-22,15.642857142857142,2.0,49.19642857142857,13.319999999999999,5.2495714285714286
2022-11-23,10.833333333333334,1.8333333333333333,39.145833333333336,17.7075,6.061833333333333
2022-11-24,19.285714285714285,1.7142857142857142,33.892857142857146,19.98,6.0540714285714285
2022-11-25,18.0,2.0,23.5625,29.93625,10.2659375
2022-11-26,17.333333333333332,2.111111111111111,38.52777777777778,20.255000000000003,10.585222222222221
2022-11-27,18.09090909090909,2.3636363636363638,25.511363636363637,20.049545454545452,11.904818181818182
2022-11-28,16.0,2.0,32.791666666666664,27.3225,17.41658333333333
2022-11-29,21.692307692307693,2.3846153846153846,37.71646153846154,19.17,9.543461538461539
2022-11-30,27.785714285714285,2.642857142857143,28.42607142857143,26.244642857142857,13.716857142857142
2022-12-01,21.642857142857142,2.5714285714285716,24.758928571428573,26.73,15.549785714285715
2022-12-02,24.88235294117647,2.588235294117647,22.102941176470587,31.251176470588234,17.794
2022-12-03,17.916666666666668,2.25,22.979166666666668,27.3,15.53575
2022-12-04,13.294117647058824,2.0,36.77205882352941,24.101470588235294,13.413588235294117
2022-12-05,25.923076923076923,2.0,20.365384615384617,18.63,11.299923076923077
2022-12-06,14.533333333333333,2.0,24.025,17.427,10.7588
2022-12-07,17.529411764705884,2.0,27.191176470588236,13.801764705882352,7.9811764705882355
2022-12-08,16.923076923076923,2.0,29.03846153846154,12.901153846153846,8.636307692307692
2022-12-09,13.461538461538462,2.0,46.98076923076923,7.355769230769231,5.0113076923076925
2022-12-10,9.142857142857142,2.0,50.05357142857143,8.235000000000001,4.445071428571429
2022-12-11,6.2,1.9,38.5,11.385,5.4679
2022-12-12,9.533333333333333,2.0,38.925,17.541,5.5409999999999995
2022-12-13,5.1472999999999995,1.75,44.6235,11.7216,3.5228
2022-12-14,11.705882352941176,1.0588235294117647,49.11364705882353,10.907,3.2267647058823528
2022-12-15,13.23076923076923,1.9230769230769231,59.45192307692308,7.455923076923077,2.4088461538461536
2022-12-16,14.0,2.0,47.416666666666664,9.677666666666667,3.07325
2022-12-17,10.166666666666666,2.0,44.697916666666664,10.128083333333334,5.200666666666667
2022-12-18,11.181818181818182,2.0,25.295454545454547,15.08609090909091,7.5565454545454545
2022-12-21,18.0,2.0,29.2,14.994,6.4455
2022-12-22,19.357142857142858,2.0,17.955357142857142,19.713214285714287,8.101428571428572
2022-12-23,21.307692307692307,2.3076923076923075,18.990384615384617,19.23923076923077,10.413076923076924
2022-12-24,18.846153846153847,2.1538461538461537,18.14423076923077,24.874615384615385,14.534307692307692
2022-12-25,11.0,2.0833333333333335,20.208333333333332,26.97375,17.637249999999998
2022-12-26,16.25,2.25,24.6796875,28.7015625,15.486
2022-12-27,21.774857142857144,2.6666666666666665,20.783071428571425,30.410357142857144,15.493214285714286
2022-12-28,20.125,3.0,16.9296875,38.3146875,17.8875
2022-12-29,23.8,2.9,12.6125,34.9425,17.7991
2022-12-30,21.076923076923077,2.3846153846153846,16.048076923076923,35.36653846153846,21.488846153846154
2022-12-31,16.266666666666666,2.6666666666666665,25.475,31.899,17.274933333333333
2023-01-01,13.416666666666666,3.0,23.864583333333332,34.58891666666667,19.842083333333335
2023-01-02,12.8125,2.6875,19.65625,29.1375,18.2775
2023-01-03,18.266666666666666,2.3333333333333335,19.408333333333335,18.642933333333335,11.709333333333335
2023-01-04,14.066666666666666,2.8,13.666666666666666,16.098200000000002,9.130666666666666
2023-01-05,17.916666666666668,2.5,19.96875,22.125333333333334,13.053333333333333
2023-01-06,17.071428571428573,2.857142857142857,23.839285714285715,22.427357142857144,14.02
2023-01-07,16.25,2.9166666666666665,19.208333333333332,27.5505,18.906666666666666
2023-01-08,6.25,2.0833333333333335,48.447916666666664,20.24566666666667,14.486666666666666
2023-01-09,8.7,2.0,37.75,7.1542,3.404
2023-01-10,16.637785714285716,2.5,19.628714285714288,15.612857142857141,6.58
2023-01-11,15.589055555555555,2.6666666666666665,17.07638888888889,20.644166666666663,8.357777777777777
2023-01-12,19.36842105263158,2.789473684210526,21.986842105263158,12.38363157894737,7.930526315789474
2023-01-13,24.46153846153846,2.923076923076923,23.0,19.403692307692307,12.12923076923077
2023-01-14,21.352941176470587,3.1176470588235294,22.102941176470587,23.192764705882354,15.381176470588237
2023-01-15,18.214285714285715,2.7142857142857144,19.919642857142858,33.78978571428571,20.740000000000002
2023-01-16,17.666666666666668,2.533333333333333,30.925,17.4898,12.818666666666667
2023-01-17,6.3654375000000005,2.5714285714285716,58.890625,10.3405625,5.5131875
2023-01-18,10.301333333333334,2.8333333333333335,70.10416666666667,7.192333333333333,4.669333333333333
2023-01-19,19.1875,3.1875,45.96875,11.053875,4.7425
2023-01-20,18.625,3.0,36.3359375,12.506625,6.895
2023-01-21,17.526315789473685,2.789473684210526,17.95394736842105,21.424842105263156,10.378947368421052
2023-01-22,13.076923076923077,2.923076923076923,47.25961538461539,18.48753846153846,11.295384615384616
2023-01-23,26.444444444444443,3.111111111111111,30.88888888888889,16.23011111111111,11.644444444444444
2023-01-24,21.55,3.15,26.65,18.5062,13.112
2023-01-25,27.470588235294116,3.2941176470588234,32.955882352941174,18.897823529411763,13.491764705882353
2023-01-26,34.5,3.4285714285714284,19.125,24.81107142857143,17.208571428571428
2023-01-27,27.333333333333332,3.2,24.533333333333335,30.64493333333333,17.983999999999998
2023-01-28,19.0625,3.0,48.7421875,17.945875,11.0775
2023-01-29,17.363636363636363,3.090909090909091,41.18181818181818,21.282727272727275,12.992727272727274
2023-01-30,22.857142857142858,3.2857142857142856,35.0625,18.297214285714286,13.031428571428572
2023-01-31,24.428571428571427,3.2857142857142856,28.223214285714285,22.860071428571427,14.537142857142857
2023-02-01,31.875,3.25,37.3515625,23.6535625,14.91
2023-02-02,34.06666666666667,3.1333333333333333,31.608333333333334,30.66193333333333,19.21333333333333
2023-02-03,33.42857142857143,3.2142857142857144,32.44642857142857,35.98421428571429,22.33142857142857
2023-02-04,22.666666666666668,3.1666666666666665,32.833333333333336,35.44825,21.956666666666667
2023-02-05,19.375,3.1875,39.96875,33.619375,22.74
2023-02-06,29.5,3.2777777777777777,37.854166666666664,32.799166666666665,21.14
2023-02-07,14.0018,2.25,48.541666666666664,26.4114,14.469333333333333
2023-02-08,23.7,1.5,35.291199999999996,10.4345,7.264
2023-02-09,25.875,1.9375,30.921875,23.706125,14.38
2023-02-10,17.916666666666668,2.0,49.927083333333336,19.677666666666667,12.86
2023-02-11,11.363636363636363,2.0,63.09090909090909,18.04609090909091,12.116363636363637
2023-02-12,24.1,2.0,58.2875,22.3041,14.052000000000001
2023-02-13,21.875,2.0,39.6640625,46.0049375,18.8675
2023-02-14,26.4,2.0,46.4,33.09433333333333,15.943999999999999
2023-02-15,19.46153846153846,2.0,40.53846153846154,26.981923076923074,15.19076923076923
2023-02-16,28.933333333333334,1.9333333333333333,42.733333333333334,51.973733333333335,19.7184
2023-02-17,21.083333333333332,2.0,50.5,46.714499999999994,19.485833333333332
2023-02-18,16.875,2.0,65.6953125,35.5920625,15.44
2023-02-19,17.6,2.0,46.34166666666667,41.620400000000004,16.909333333333333
2023-02-20,28.625,2.0625,40.2265625,39.05075,18.555
2023-02-21,26.552,2.111111111111111,33.14054545454545,53.602636363636364,20.73818181818182
2023-02-22,27.0,2.0,34.39473684210526,70.97905263157895,26.19578947368421
2023-02-23,13.153846153846153,2.0,43.73076923076923,72.461,24.283076923076923
2023-02-24,15.571428571428571,2.2857142857142856,56.05357142857143,24.678785714285713,8.639999999999999
2023-02-25,11.153846153846153,2.0,53.86538461538461,16.347846153846152,6.827692307692308
2023-02-26,8.2,2.0,53.1,9.659533333333334,6.770666666666667
2023-02-27,14.461538461538462,2.0,43.13461538461539,12.430923076923078,8.181538461538462
2023-02-28,12.0,2.5,53.089285714285715,15.207214285714286,8.879999999999999
2023-03-01,15.833333333333334,2.25,52.53125,19.72308333333333,12.19
2023-03-02,19.428571428571427,2.5,56.642857142857146,16.021785714285716,9.997142857142858
2023-03-03,14.5,2.7,38.4875,20.5705,12.236
2023-03-04,18.842105263157894,2.3684210526315788,55.94736842105263,24.621,14.185263157894736
2023-03-05,18.785714285714285,2.357142857142857,50.660714285714285,26.762071428571428,16.482857142857142
2023-03-06,13.785714285714286,1.9285714285714286,56.25,19.9805,14.20857142857143
2023-03-07,9.647058823529411,1.3529411764705883,57.970588235294116,11.060529411764705,6.209411764705883
2023-03-08,5.933333333333334,1.4,53.46993333333333,9.4968,4.613333333333333
2023-03-09,9.0,1.0588235294117647,38.75735294117647,7.885411764705882,4.096470588235294
2023-03-10,10.928571428571429,1.1428571428571428,40.267857142857146,11.130785714285716,4.791428571428571
2023-03-11,13.733333333333333,1.4,26.1,26.201,9.352
2023-03-12,15.928571428571429,1.7142857142857142,33.098214285714285,17.662857142857142,9.457142857142857
2023-03-13,12.384615384615385,1.9230769230769231,25.432692307692307,20.514000000000003,11.403076923076924
2023-03-14,17.166666666666668,2.0555555555555554,59.701388888888886,18.486277777777776,8.317777777777778
2023-03-15,18.444444444444443,2.0,61.90277777777778,19.503333333333334,8.373333333333333
2023-03-16,17.0196875,2.1,55.408812499999996,25.3500625,13.0139375
2023-03-17,13.049076923076923,1.8888888888888888,56.716692307692306,23.802615384615386,13.371923076923078
2023-03-18,6.285714285714286,2.0,69.96428571428571,16.1025,7.714857142857142
2023-03-19,6.5,2.0833333333333335,52.25,16.31775,9.09
2023-03-20,18.53330769230769,2.1818181818181817,48.03976923076924,15.668,10.181538461538462
2023-03-21,27.692307692307693,2.230769230769231,45.872,20.319846153846154,10.44
2023-03-22,21.866666666666667,2.3333333333333335,43.891666666666666,24.694533333333332,11.685333333333334
2023-03-23,17.6696,2.4,65.75833333333334,28.431533333333334,13.925333333333333
2023-03-24,20.466666666666665,2.1333333333333333,52.71666666666667,21.095000000000002,11.141333333333334
2023-03-25,16.818181818181817,1.5454545454545454,40.67045454545455,22.28872727272727,9.181818181818182
2023-03-26,12.428571428571429,1.4285714285714286,50.03093333333334,18.374000000000002,9.0702
2023-03-27,13.9375,2.1875,68.0625,21.062625,8.2793125
2023-03-28,19.9,2.7,60.05,24.362000000000002,11.828
2023-03-29,17.46153846153846,2.8461538461538463,68.47115384615384,25.327769230769228,12.406153846153845
2023-03-30,26.125,3.0,65.3828125,31.73875,12.68
2023-03-31,19.466666666666665,2.466666666666667,49.416666666666664,27.976999999999997,11.757333333333333
2023-04-01,6.875,2.125,67.2265625,19.7659375,7.825
2023-04-02,6.928571428571429,2.0,52.464285714285715,13.568785714285713,4.96
2023-04-03,15.375,2.75,64.28125,17.8880625,8.2125
2023-04-04,22.481928571428572,3.0,58.75478571428572,21.739,9.385714285714286
2023-04-05,20.181818181818183,2.909090909090909,63.0,22.403636363636362,10.218181818181819
2023-04-06,9.529411764705882,2.9411764705882355,71.69117647058823,20.88570588235294,8.289411764705882
2023-04-07,7.769230769230769,3.230769230769231,68.34615384615384,17.088923076923077,7.083076923076923
2023-04-08,10.882352941176471,3.0,73.11029411764706,14.994058823529413,6.802352941176471
2023-04-09,16.5,3.0714285714285716,60.455357142857146,30.372071428571427,11.771428571428572
2023-04-10,18.083333333333332,2.8333333333333335,65.03125,73.40391666666666,22.416666666666668
2023-04-11,19.6,3.066666666666667,58.382733333333334,68.79793333333333,20.448
2023-04-12,11.6,2.4,63.81666666666667,26.509733333333333,8.424
2023-04-13,8.533333333333333,2.3333333333333335,74.19166666666666,15.071466666666668,5.277333333333333
2023-04-14,15.0625,3.0625,61.2421875,23.009125,7.21
2023-04-15,8.4375,2.5625,62.5390625,18.6588125,6.435
2023-04-16,11.928571428571429,2.857142857142857,76.45535714285714,16.517714285714284,6.331428571428572
2023-04-17,20.470588235294116,3.0588235294117645,63.3014705882353,20.92035294117647,8.065882352941177
2023-04-18,14.166666666666666,3.0,72.70925,25.418117647058825,9.668235294117647
2023-04-19,13.2,3.0,84.05,23.336533333333332,9.306666666666667
2023-04-20,12.571428571428571,3.0714285714285716,96.82142857142857,24.035571428571426,8.465714285714286
2023-04-21,11.0,2.5,83.99107142857143,25.625642857142857,9.51142857142857
2023-04-22,5.153846153846154,2.0,74.625,17.445,6.966153846153846
2023-04-23,10.285714285714286,2.5714285714285716,74.83928571428571,10.313357142857143,5.377142857142857
2023-04-24,13.454545454545455,3.1818181818181817,71.02272727272727,16.075818181818182,6.952727272727273
2023-04-25,20.63157894736842,3.0,50.6578947368421,21.940133333333332,8.012631578947369
2023-04-26,26.166666666666668,3.5833333333333335,46.072916666666664,,9.082083333333333
2023-04-27,23.11111111111111,3.2777777777777777,57.951388888888886,26.368,9.978722222222224
2023-04-28,24.733333333333334,3.1333333333333333,63.24166666666667,30.9564,10.426666666666668
2023-04-29,8.4,2.2,79.90833333333333,32.17686666666667,12.133333333333333
2023-04-30,8.363636363636363,2.3636363636363638,61.51136363636363,12.261636363636365,5.156363636363636
2023-05-01,12.538461538461538,2.6153846153846154,67.97115384615384,13.609230769230768,5.273846153846154
2023-05-02,17.4,2.933333333333333,71.04166666666667,20.803266666666666,8.594666666666665
2023-05-03,18.5,3.1875,70.1328125,24.47425,9.1275
2023-05-04,7.909090909090909,2.5454545454545454,88.85889999999999,26.32469230769231,9.233846153846155
2023-05-05,20.727272727272727,2.727272727272727,72.63636363636364,19.748545454545454,7.843636363636364
2023-05-06,14.615384615384615,3.0,69.91346153846153,22.165,7.910769230769231
2023-05-07,5.888888888888889,2.111111111111111,65.375,16.56222222222222,6.52
2023-05-08,10.625,2.25,78.2890625,17.2909375,7.45
2023-05-09,14.125,2.5,58.7109375,21.7570625,9.2125
2023-05-10,12.285714285714286,2.642857142857143,80.51785714285714,19.598642857142856,7.762857142857143
2023-05-11,17.833333333333332,3.0,75.64583333333333,22.728333333333335,7.823333333333333
2023-05-12,9.533333333333333,2.933333333333333,84.09166666666667,22.371466666666667,8.608
2023-05-13,3.7333333333333334,3.1333333333333333,88.99166666666666,24.955466666666666,9.298666666666666
2023-05-14,6.1875,3.125,78.1796875,14.47925,6.1625
2023-05-15,10.133333333333333,2.272727272727273,80.11646666666667,20.250466666666668,8.76
2023-05-16,11.479142857142858,2.0,87.95535714285714,19.631785714285716,8.59142857142857
2023-05-17,15.23076923076923,1.8461538461538463,83.26923076923077,20.527076923076923,10.381538461538462
2023-05-18,10.428571428571429,1.6428571428571428,95.47321428571429,21.247999999999998,9.549857142857144
2023-05-19,13.294117647058824,1.588235294117647,82.38235294117646,22.157176470588237,10.881705882352941
2023-05-20,11.0625,1.6875,95.7421875,18.818,10.2039375
2023-05-21,10.923076923076923,1.0,71.0576923076923,16.936923076923076,10.62153846153846
2023-05-22,20.214285714285715,1.0714285714285714,57.32142857142857,15.619,10.342857142857143
2023-05-23,11.0,1.0,73.07352941176471,13.439588235294119,8.225882352941177
2023-05-24,10.5,1.0,85.26041666666667,12.454583333333332,6.933333333333334
2023-05-25,13.142857142857142,1.1428571428571428,82.71428571428571,17.109857142857145,9.617142857142856
2023-05-26,8.642857142857142,1.0,93.3125,17.37442857142857,8.905714285714286
2023-05-27,8.0,1.0,85.53571428571429,19.44542857142857,8.92
2023-05-28,6.7,0.7,76.975,14.7671,7.628
2023-05-29,6.611111111111111,0.7222222222222222,78.06944444444444,12.040555555555555,6.6
2023-05-30,8.615384615384615,1.0,70.22115384615384,13.686846153846155,6.636923076923077
2023-05-31,9.239230769230769,1.0,70.60653846153846,12.492230769230769,5.556923076923076
2023-06-01,13.666666666666666,1.0666666666666667,67.01666666666667,19.018933333333333,8.877333333333333
2023-06-02,12.294117647058824,1.0,73.42647058823529,25.527176470588234,9.807058823529411
2023-06-03,7.785714285714286,1.0,78.10714285714286,15.492571428571429,7.851428571428571
2023-06-04,7.066666666666666,1.2,81.5,15.152800000000001,7.813333333333333
2023-06-05,9.0,0.6875,95.9609375,13.74025,7.645
2023-06-06,11.428571428571429,1.2857142857142858,91.58035714285714,16.075714285714287,8.225714285714286
2023-06-07,8.125,1.0625,82.90625,14.7633125,7.4475
2023-06-08,15.8,1.0,65.5625,12.1873,6.0207999999999995
2023-06-09,8.1,1.0,62.0375,12.625,5.4864
2023-06-10,7.5,1.0,61.857142857142854,15.195071428571428,5.265714285714286
2023-06-11,5.466666666666667,1.0,79.75,13.5032,5.917333333333334
2023-06-12,7.888888888888889,1.3333333333333333,75.04166666666667,15.650333333333334,6.457777777777777
2023-06-13,6.232230769230769,1.3636363636363635,67.53046153846154,14.389153846153846,6.667692307692307
2023-06-14,12.090909090909092,1.2727272727272727,78.2840909090909,13.43609090909091,6.534545454545454
2023-06-15,17.214285714285715,1.2142857142857142,81.08928571428571,17.377357142857143,9.974285714285715
2023-06-16,12.484733333333335,1.5333333333333334,88.61666666666666,21.249266666666667,9.789333333333333
2023-06-17,10.076923076923077,1.6923076923076923,109.13461538461539,22.844692307692306,8.947692307692309
2023-06-18,5.0625,1.9375,102.875,19.9500625,9.145
2023-06-19,6.25,1.0625,96.4296875,18.9849375,9.89
2023-06-20,4.6,1.0,57.78333333333333,13.909866666666666,6.733333333333333
2023-06-21,7.583333333333333,1.25,66.51041666666667,13.817333333333332,5.69
2023-06-22,7.866666666666666,1.2,71.23333333333333,18.626133333333332,7.458666666666667
2023-06-23,19.583333333333332,1.75,74.83333333333333,19.758083333333335,9.636666666666667
2023-06-24,6.909090909090909,1.7272727272727273,99.3409090909091,24.94009090909091,11.30909090909091
2023-06-25,8.583333333333334,2.0833333333333335,97.34375,22.461916666666667,11.503333333333332
2023-06-26,15.5,1.2142857142857142,93.22321428571429,24.4865,13.277142857142858
2023-06-27,13.608944444444445,2.0,104.35827777777779,30.37483333333333,15.24
2023-06-28,14.214285714285714,2.142857142857143,89.13392857142857,29.87307142857143,15.260000000000002
2023-06-29,10.266666666666667,2.1333333333333333,108.075,32.98506666666667,17.848000000000003
2023-06-30,14.555555555555555,2.0,85.23611111111111,37.40272222222222,19.157777777777778
2023-07-01,7.545454545454546,2.0,111.20454545454545,27.11318181818182,13.69818181818182
2023-07-02,6.0,1.8823529411764706,97.36029411764706,28.324529411764704,14.647058823529411
2023-07-03,6.214285714285714,2.0714285714285716,93.94642857142857,24.74507142857143,13.59142857142857
2023-07-04,6.4375,1.875,86.953125,27.943437499999998,12.8025
2023-07-05,11.411764705882353,2.0,84.80882352941177,28.21805882352941,9.07294117647059
2023-07-06,12.6875,2.375,72.75,26.373125,7.5925
2023-07-07,8.75,2.1,83.68125,25.0501,7.74
2023-07-08,5.142857142857143,1.7857142857142858,86.24107142857143,23.464499999999997,8.431428571428572
2023-07-09,8.461538461538462,2.1538461538461537,74.0576923076923,22.16176923076923,7.643076923076923
2023-07-10,16.0,2.230769230769231,77.99038461538461,32.43976923076923,10.092307692307692
2023-07-11,14.688357142857143,2.3333333333333335,95.6897857142857,47.58735714285714,15.06
2023-07-12,13.933333333333334,2.066666666666667,87.80833333333334,37.74313333333334,12.034666666666668
2023-07-13,18.10907142857143,2.0,84.731,26.665357142857143,7.8067142857142855
2023-07-14,15.927466666666668,2.0,80.76320000000001,12.2484,3.207333333333333
2023-07-15,4.3125,1.875,80.109375,14.05125,3.9901875
2023-07-16,6.0,2.0,82.35227272727273,16.596,5.469090909090909
2023-07-17,21.3,2.3,81.51610000000001,22.7551,7.4108
2023-07-18,10.461538461538462,1.8461538461538463,74.81184615384615,36.473461538461535,9.832153846153846
2023-07-19,8.333333333333334,2.0,82.05833333333334,54.51466666666667,16.514666666666667
2023-07-20,7.588235294117647,2.0,77.0220588235294,90.22423529411765,23.91764705882353
2023-07-21,6.823529411764706,1.9411764705882353,78.50735294117646,38.83035294117647,11.414117647058823
2023-07-22,7.214285714285714,1.7142857142857142,74.46428571428571,20.458499999999997,7.571428571428571
2023-07-23,5.4375,2.125,88.8828125,21.238875,8.825
2023-07-24,7.333333333333333,2.0,82.45,25.552933333333332,11.522666666666668
2023-07-25,6.618142857142857,1.9090909090909092,74.28157142857143,25.232142857142858,9.325714285714286
2023-07-26,10.76923076923077,2.076923076923077,89.46153846153847,25.263076923076923,8.624615384615385
2023-07-27,6.277777777777778,2.2222222222222223,96.17361111111111,29.781,9.648888888888889
2023-07-28,7.0,1.8181818181818181,84.52272727272727,25.575272727272726,8.421818181818182
2023-07-29,10.1875,2.0,79.2421875,22.911875000000002,8.5325
2023-07-30,7.625,2.125,71.75,21.5150625,8.2775
2023-07-31,12.214285714285714,2.142857142857143,78.05357142857143,18.195,7.326785714285714
2023-08-01,8.272727272727273,2.090909090909091,88.72727272727273,24.89809090909091,8.043363636363637
2023-08-02,7.4375,2.0625,84.2109375,25.5708125,8.504999999999999
2023-08-03,6.266666666666667,1.8666666666666667,56.13333333333333,22.208933333333334,7.021333333333333
2023-08-04,10.076923076923077,2.3076923076923075,79.91346153846153,27.419,7.578461538461538
2023-08-05,10.533333333333333,2.533333333333333,82.25,29.49206666666667,8.186666666666666
2023-08-06,8.533333333333333,2.6666666666666665,63.725,34.75246666666667,9.701333333333334
2023-08-07,12.235294117647058,2.3529411764705883,68.80882352941177,33.401705882352935,11.238764705882353
2023-08-08,14.1,2.5,78.5625,32.9134,9.831100000000001
2023-08-09,10.213277777777778,2.2941176470588234,74.24027777777778,51.94927777777778,14.053944444444445
2023-08-10,9.027388888888888,2.235294117647059,76.27744444444446,61.39450000000001,17.641111111111112
2023-08-11,17.643125,2.466666666666667,84.818625,47.0341875,13.129
2023-08-12,8.637933333333333,2.3333333333333335,82.7103125,28.5005625,8.7533125
2023-08-13,6.1875,2.125,66.9528125,25.893125,7.9388125
2023-08-14,8.1875,2.3125,83.28125,22.7129375,6.954125
2023-08-15,6.538461538461538,2.5384615384615383,86.51923076923077,26.78123076923077,10.89846153846154
2023-08-16,7.718857142857142,2.0,82.33292857142858,24.925428571428572,8.522857142857143
2023-08-17,7.958388888888889,1.6111111111111112,82.09027777777777,21.35022222222222,6.665055555555556
2023-08-18,6.125,1.6875,81.8125,25.3285,10.1176875
2023-08-19,7.214285714285714,1.5,82.75,26.234714285714286,10.072714285714286
2023-08-20,12.760166666666665,1.4,65.3775,29.096999999999998,9.996583333333334
2023-08-21,9.041642857142858,1.8333333333333333,83.77607142857143,29.47792857142857,8.544500000000001
2023-08-22,7.817333333333334,1.7692307692307692,82.6414705882353,38.6375294117647,10.521411764705883
2023-08-23,18.53846153846154,1.9230769230769231,72.02292857142857,42.964285714285715,11.727214285714286
2023-08-24,14.727272727272727,1.4545454545454546,96.92758333333335,37.07116666666666,11.973416666666665
2023-08-25,15.40023076923077,0.625,68.37154545454545,47.985214285714285,10.317785714285716
2023-08-26,11.71942857142857,,44.51157142857143,67.56116666666667,
2023-08-27,10.026499999999999,,57.462599999999995,54.7505,
2023-08-28,,,,,
2023-08-29,3.6666666666666665,2.0,96.7855,,
2023-08-30,12.0,1.8666666666666667,70.125,27.28225,7.290500000000001
2023-08-31,11.176470588235293,1.588235294117647,81.90441176470588,28.75035294117647,7.475294117647059
2023-09-01,6.0,1.5,94.78125,28.171333333333333,9.336666666666666
2023-09-02,2.069,1.0,84.6,25.8588,9.008000000000001
2023-09-03,4.285714285714286,1.0,58.17857142857143,13.857357142857142,4.274285714285715
2023-09-04,11.76923076923077,1.0,60.55769230769231,12.062076923076923,3.845076923076923
2023-09-05,16.0625,1.0,52.90625,13.3940625,6.277875
2023-09-06,15.5,1.1428571428571428,75.39285714285714,16.526714285714284,7.405714285714287
2023-09-07,12.5,1.0555555555555556,71.56944444444444,59.86588888888889,13.537777777777778
2023-09-08,6.4,1.0666666666666667,82.65,70.10799999999999,14.058666666666666
2023-09-09,6.1525625,1.0,78.328125,36.7255625,9.75
2023-09-10,5.225,1.2666666666666666,57.95,18.83373333333333,7.925333333333333
2023-09-11,3.736842105263158,1.0,64.53289473684211,15.229684210526315,6.370526315789474
2023-09-12,7.071428571428571,1.0,62.857142857142854,13.472642857142857,4.814285714285714
2023-09-13,13.454545454545455,1.1818181818181819,72.04545454545455,17.847272727272728,6.956363636363636
2023-09-14,9.411764705882353,1.0588235294117647,74.45588235294117,27.522470588235294,8.962352941176471
2023-09-15,11.1875,1.0,61.4375,35.3816875,9.185
2023-09-16,3.25,1.0,72.3671875,21.3651875,6.125
2023-09-17,3.4502380952380953,1.0,56.54761904761905,11.029285714285715,3.5933333333333337
2023-09-18,10.1875,1.0,49.3984375,16.525875,4.31925
2023-09-19,13.933333333333334,1.0666666666666667,51.69166666666667,16.2722,5.058666666666666
2023-09-20,10.35,1.05,56.35625,16.4146,7.0120000000000005
2023-09-21,4.0,1.0,65.8076923076923,14.447615384615384,5.501538461538461
2023-09-22,6.839235294117647,1.0714285714285714,56.59058823529411,12.025941176470589,3.8741176470588234
2023-09-23,15.181818181818182,1.3636363636363635,44.69318181818182,12.88890909090909,5.163636363636363
2023-09-24,15.251000000000001,1.9285714285714286,56.223214285714285,12.83242857142857,7.048571428571429
2023-09-25,10.4,1.7333333333333334,61.391666666666666,14.426266666666667,7.306666666666667
2023-09-26,22.41176470588235,1.9411764705882353,61.5514705882353,17.578529411764706,7.887058823529411
2023-09-27,27.166666666666668,1.25,45.989583333333336,22.682916666666667,8.63
2023-09-28,21.3415,1.7142857142857142,51.38392857142857,22.73407142857143,10.0
2023-09-29,21.3125,1.9375,47.765625,29.516125,11.225
2023-09-30,13.941176470588236,1.7058823529411764,63.330882352941174,26.151117647058825,10.663529411764706
2023-10-01,21.636363636363637,2.0,65.95454545454545,19.829090909090908,8.210909090909091
2023-10-02,23.321428571428573,2.0,51.18378571428571,29.993428571428574,8.788571428571428
2023-10-03,25.533333333333335,2.0,44.225,28.86913333333333,9.106666666666666
2023-10-04,26.6,2.0,40.6,32.014266666666664,13.232
2023-10-05,25.076923076923077,1.8461538461538463,57.83653846153846,26.88492307692308,12.612307692307693
2023-10-06,24.0,1.9230769230769231,57.02884615384615,37.80707692307692,15.787692307692309
2023-10-07,17.166666666666668,2.0,59.197916666666664,35.876,14.773333333333333
2023-10-08,11.777777777777779,2.0,62.083333333333336,32.946444444444445,12.257777777777777
2023-10-09,14.916666666666666,2.0833333333333335,56.125,29.03408333333333,11.516666666666666
2023-10-10,17.375,1.9375,64.7265625,29.4241875,11.8825
2023-10-11,18.09090909090909,2.0,62.51136363636363,34.00336363636364,12.450909090909091
2023-10-12,16.25,2.0833333333333335,58.020833333333336,34.66583333333333,13.229999999999999
2023-10-13,18.571428571428573,2.142857142857143,52.330357142857146,40.412,14.985714285714286
2023-10-14,11.857142857142858,1.2142857142857142,61.267857142857146,37.46021428571429,14.842857142857143
2023-10-15,10.272727272727273,1.1818181818181819,51.92045454545455,29.236454545454546,14.05090909090909
2023-10-16,13.214285714285714,1.1428571428571428,56.517857142857146,20.157999999999998,8.2
2023-10-17,10.81442857142857,1.3636363636363635,38.238,23.02542857142857,8.268571428571429
2023-10-18,5.411600000000001,1.0,56.983333333333334,21.3084,7.005333333333334
2023-10-19,5.181818181818182,0.9090909090909091,58.69318181818182,11.362454545454545,3.0591818181818184
2023-10-20,12.5,0.8,62.5375,9.3003,4.1185
2023-10-21,14.083333333333334,1.0,51.208333333333336,13.247166666666667,6.320333333333333
2023-10-22,5.833333333333333,1.3333333333333333,44.78125,10.622583333333333,4.5025
2023-10-23,16.333333333333332,1.0,54.06944444444444,13.195500000000001,6.417777777777777
2023-10-24,8.9375,1.0,46.90625,10.168375,5.465
2023-10-25,10.583333333333334,1.0,57.46875,8.367583333333334,2.9941666666666666
2023-10-26,8.727272727272727,1.0,39.42045454545455,13.254000000000001,3.7876363636363637
2023-10-27,13.608,1.0,47.858333333333334,13.438733333333333,3.3680000000000003
2023-10-28,6.764705882352941,1.0588235294117647,60.38235294117647,19.200058823529414,4.894117647058824
2023-10-29,7.285714285714286,1.0,58.464285714285715,13.731214285714286,4.017142857142857
2023-10-30,14.75,1.0625,57.1796875,10.1151875,3.3537500000000002
2023-10-31,21.428571428571427,1.7142857142857142,23.044642857142858,13.248571428571427,5.7086428571428565
2023-11-01,13.5,1.5,27.796875,20.7250625,9.74
2023-11-02,5.881500000000001,1.0,62.007214285714284,9.102142857142857,4.732928571428571
2023-11-03,9.636363636363637,2.090909090909091,56.34090909090909,8.757090909090909,4.716727272727272
2023-11-04,5.357142857142857,1.7857142857142858,55.9375,14.049785714285715,5.065714285714286
2023-11-05,11.909090909090908,1.6363636363636365,54.14772727272727,16.519454545454547,4.698181818181818
2023-11-06,17.53846153846154,1.9230769230769231,42.11538461538461,19.924923076923076,7.464615384615384
2023-11-07,21.941176470588236,2.176470588235294,30.044117647058822,17.982,8.663529411764706
2023-11-08,21.285714285714285,2.0,29.901785714285715,16.469571428571427,8.197142857142856
2023-11-09,28.933333333333334,2.0,18.166666666666668,23.819133333333333,9.930666666666667
2023-11-10,13.454545454545455,1.8181818181818181,23.681818181818183,27.37318181818182,10.287272727272727
2023-11-11,25.875,1.875,39.921875,20.178874999999998,9.790000000000001
2023-11-12,17.066666666666666,1.7333333333333334,23.591666666666665,18.581266666666668,10.704
2023-11-13,18.4375,1.6875,23.015625,16.4071875,8.955
2023-11-14,19.733333333333334,1.7333333333333334,18.041666666666668,20.073733333333333,11.68
2023-11-15,24.0,2.75,21.510266666666666,21.17073333333333,14.195266666666667
2023-11-16,22.950999999999997,3.0833333333333335,16.520833333333332,28.617416666666667,13.888
2023-11-17,21.0,3.0833333333333335,18.416666666666668,32.91458333333333,17.649083333333333
2023-11-18,17.75,2.8125,25.7265625,26.4791875,15.652625
2023-11-19,20.3,2.9,23.975,23.5499,12.408
2023-11-20,20.88888888888889,3.0,29.895833333333332,25.502555555555556,12.931111111111111
2023-11-21,18.0,2.933333333333333,37.233333333333334,27.236333333333334,14.309333333333335
2023-11-22,23.46153846153846,3.3076923076923075,41.58653846153846,20.297153846153847,10.012307692307692
2023-11-23,19.0,3.1,37.2375,18.201,8.264
2023-11-24,25.88235294117647,3.2941176470588234,26.125,22.430470588235295,10.64
2023-11-25,23.0,3.0,26.489583333333332,27.91875,14.566666666666668
2023-11-26,22.785714285714285,3.357142857142857,28.830357142857142,34.5085,18.445714285714285
2023-11-27,20.5,3.1,21.3375,33.384699999999995,20.344
2023-11-28,29.646583333333336,3.25,19.208333333333332,35.12558333333333,20.526666666666667
2023-11-29,26.9375,3.125,17.6000625,30.257875,15.3825
2023-11-30,10.631578947368421,2.1578947368421053,41.598684210526315,13.931842105263158,8.010526315789473
2023-12-01,10.705882352941176,2.3529411764705883,60.18382352941177,10.050470588235294,9.00235294117647
2023-12-02,17.842105263157894,3.0,24.605263157894736,9.415578947368422,6.117894736842105
2023-12-03,18.846153846153847,3.0,23.903846153846153,13.641307692307691,8.852307692307692
2023-12-04,17.53846153846154,3.076923076923077,23.346153846153847,15.36046153846154,11.436923076923078
2023-12-05,17.8,3.0,40.225,10.703133333333334,8.16
2023-12-06,13.133333333333333,3.0,31.7,12.229333333333333,7.184
2023-12-07,20.125,3.0,16.6640625,15.97575,9.15
2023-12-08,15.4,3.0,40.75833333333333,15.265066666666666,8.146666666666667
2023-12-09,10.461538461538462,3.0,25.115384615384617,18.51676923076923,9.092307692307692
2023-12-10,16.642857142857142,3.0,28.008928571428573,19.767142857142858,8.511428571428572
2023-12-11,19.666666666666668,3.1666666666666665,13.48611111111111,17.520722222222222,10.235555555555557
2023-12-12,23.176470588235293,3.0588235294117645,14.779411764705882,25.326764705882354,15.952941176470588
2023-12-13,9.058533333333333,3.0,41.21673333333333,21.4822,12.602666666666666
2023-12-14,22.066666666666666,3.4,34.4,11.2754,5.976
2023-12-15,24.90909090909091,3.5454545454545454,25.40909090909091,17.135454545454547,10.327272727272726
2023-12-16,24.428571428571427,3.142857142857143,23.928571428571427,19.46357142857143,12.842857142857143
2023-12-17,16.928571428571427,3.0714285714285716,28.339285714285715,21.20092857142857,14.257142857142856
2023-12-18,21.384615384615383,3.4615384615384617,22.528846153846153,24.757846153846156,16.104615384615386
2023-12-19,27.416666666666668,3.5,24.916666666666668,22.588166666666666,14.363333333333335
2023-12-20,28.916666666666668,3.8333333333333335,13.395833333333334,29.037499999999998,17.526666666666667
2023-12-21,23.666666666666668,3.1333333333333333,13.075,33.175666666666665,22.053333333333335
2023-12-22,26.333333333333332,3.0555555555555554,23.77777777777778,26.215555555555554,16.613333333333333
2023-12-23,25.714285714285715,3.357142857142857,24.178571428571427,23.482642857142856,14.525714285714287
2023-12-24,20.333333333333332,3.6666666666666665,25.8125,25.488500000000002,16.650000000000002
2023-12-25,16.571428571428573,3.5238095238095237,26.25595238095238,26.247904761904763,18.54285714285714
2023-12-26,25.613400000000002,4.0,23.4046,30.0936,19.476
2023-12-27,21.875,3.6875,15.4375,34.1875,19.3025
2023-12-28,26.25,3.8125,16.5625,37.9433125,22.15
2023-12-29,26.285714285714285,4.0,13.294214285714286,40.6465,25.931428571428572
2023-12-30,21.444444444444443,3.8333333333333335,21.09722222222222,43.86483333333334,27.564444444444444
2023-12-31,19.58823529411765,3.8823529411764706,20.11764705882353,46.32876470588236,26.541176470588233
2024-01-01,20.818181818181817,4.0,22.352272727272727,45.64172727272727,36.11045454545455
2024-01-02,15.76923076923077,3.5384615384615383,15.706642857142857,32.866571428571426,26.235285714285713
2024-01-03,24.214285714285715,3.7142857142857144,16.571428571428573,27.557071428571426,16.839642857142856
2024-01-04,24.133333333333333,3.0,16.283333333333335,22.790533333333332,14.862
2024-01-05,10.0,3.0,50.53828571428572,10.19,6.828714285714286
2024-01-06,14.25,3.0,38.74408333333333,7.099083333333334,5.223916666666667
2024-01-07,10.066666666666666,3.1333333333333333,20.065875,16.60775,12.0008125
2024-01-08,22.625,3.1875,17.772833333333335,16.402789473684212,13.28921052631579
2024-01-09,24.0,3.375,15.305875,22.659625,16.6405
2024-01-10,22.928571428571427,3.357142857142857,32.75713333333333,17.125066666666665,12.321266666666666
2024-01-11,23.911357142857145,3.4615384615384617,21.04642857142857,16.231428571428573,9.6505
2024-01-12,25.551000000000002,3.5,23.15542857142857,16.621785714285714,10.114714285714285
2024-01-13,21.083333333333332,3.25,24.991083333333336,21.885333333333335,16.133416666666665
2024-01-14,20.55,3.45,21.54735,28.837349999999997,23.119049999999998
2024-01-15,34.3125,3.875,5.564,43.28352941176471,26.353529411764704
2024-01-16,24.23076923076923,3.076923076923077,15.353357142857144,34.15528571428571,17.337
2024-01-17,8.058823529411764,3.0,50.73741176470588,21.898470588235295,9.054529411764705
2024-01-18,15.294117647058824,2.9411764705882355,58.72588235294118,18.996647058823527,4.731529411764706
2024-01-19,14.416666666666666,2.9166666666666665,40.186846153846155,16.403538461538464,7.285461538461538
2024-01-20,9.5775,3.0,52.34438461538461,7.139230769230769,4.601692307692308
2024-01-21,10.5,3.0625,34.582625,9.133875,6.8614999999999995
2024-01-22,19.5,3.6666666666666665,24.46846153846154,13.763538461538461,9.564769230769231
2024-01-23,18.052666666666667,3.4166666666666665,23.2111875,21.2393125,15.185062499999999
2024-01-24,27.0625,3.75,20.796875,28.139625,19.3809375
2024-01-25,27.54357142857143,3.769230769230769,23.277533333333334,32.833733333333335,20.9712
2024-01-26,30.666666666666668,3.8333333333333335,22.40625,36.26266666666667,24.273749999999996
2024-01-27,21.148,3.3846153846153846,20.312866666666665,35.635266666666666,25.433666666666667
2024-01-28,17.405,3.4444444444444446,25.2715,29.000999999999998,21.7966
2024-01-29,26.771133333333335,3.857142857142857,23.354375,31.65325,21.9895625
2024-01-30,14.428571428571429,3.7142857142857144,12.4955,39.780125,25.943375
2024-02-01,16.956333333333333,4.0,28.008636363636366,42.591,25.212666666666667
2024-02-02,20.8125,4.0625,23.69875,40.2421875,24.838375
2024-02-03,16.375,4.0,31.575444444444443,45.452777777777776,25.24311111111111
2024-02-04,12.25,4.0,31.93614285714286,37.638714285714286,23.02992857142857
2024-02-05,28.922199999999997,4.214285714285714,34.6389375,35.2506875,23.7495625
2024-02-06,26.283,4.142857142857143,26.3566875,41.5886875,25.9069375
2024-02-07,23.003142857142855,4.384615384615385,41.89126666666667,36.23726666666666,19.623466666666666
2024-02-08,17.830222222222222,3.0,21.19,45.20988888888889,20.639222222222223
2024-02-09,13.1701875,2.0,46.71676470588235,39.36235294117647,16.23670588235294
2024-02-10,5.2,2.0,61.6,10.456399999999999,4.3605
2024-02-11,8.076923076923077,2.0,46.37885714285714,9.121857142857143,4.353642857142857
2024-02-12,17.789666666666665,2.0,45.713944444444444,8.031444444444444,5.1306111111111115
2024-02-13,15.620800000000001,1.9285714285714286,21.75086666666667,14.8192,9.240866666666667
2024-02-14,21.0,2.0833333333333335,20.34525,20.161916666666666,13.972833333333334
2024-02-15,21.46153846153846,2.1538461538461537,15.921692307692307,27.25223076923077,18.905461538461537
2024-02-16,21.571428571428573,2.0,41.06313333333333,17.393666666666665,10.161333333333335
2024-02-17,15.965066666666667,2.2142857142857144,34.7550625,14.6518125,9.7083125
2024-02-18,14.173142857142858,2.3076923076923075,38.74133333333334,18.643066666666666,14.719266666666666
2024-02-19,18.533333333333335,2.3333333333333335,31.40175,19.3333125,14.541812499999999
2024-02-20,20.009142857142855,2.3846153846153846,38.1894,20.824,13.841266666666666
2024-02-21,24.125,2.6875,41.162882352941175,17.96194117647059,11.399235294117647
2024-02-22,19.477,2.3846153846153846,28.194714285714287,25.157142857142855,16.09707142857143
2024-02-23,10.099894736842105,2.066666666666667,69.46074999999999,14.659299999999998,7.2572
2024-02-24,7.8365833333333335,2.0,60.28607692307693,9.279615384615385,4.693153846153846
2024-02-25,6.224230769230768,2.0833333333333335,51.115928571428576,11.18092857142857,5.720785714285715
2024-02-26,5.068388888888888,2.0,65.141,10.251947368421053,3.758684210526316
2024-02-27,7.071428571428571,2.0714285714285716,64.9774,7.913866666666666,3.706733333333333
2024-02-28,16.357142857142858,2.357142857142857,45.517857142857146,9.7155,6.067428571428572
2024-02-29,14.0,2.5384615384615383,40.29092857142857,16.0845,10.478
2024-03-01,14.076923076923077,2.5384615384615383,58.80630769230769,13.70776923076923,7.563538461538462
2024-03-02,9.181818181818182,2.1818181818181817,48.434416666666664,14.948083333333335,7.904333333333334
2024-03-03,8.349263157894736,2.3333333333333335,75.36915789473684,11.020842105263158,5.70278947368421
2024-03-04,11.229888888888889,2.0,47.946888888888886,12.877666666666666,6.475888888888889
2024-03-05,10.147066666666666,2.4615384615384617,57.1963125,14.8663125,8.276187499999999
2024-03-06,14.923076923076923,2.6153846153846154,50.304857142857145,16.636714285714287,9.364214285714285
2024-03-07,16.106125,2.2,44.9961875,20.34325,11.9263125
2024-03-08,8.236785714285714,2.076923076923077,65.42593333333333,11.993666666666666,6.244533333333333
2024-03-09,8.576333333333332,2.0,70.60446153846154,6.282307692307692,2.921307692307692
2024-03-10,4.75,2.0,64.69638461538462,7.559461538461538,3.502846153846154
2024-03-11,11.937714285714284,2.0,53.86307142857142,9.846785714285714,5.653571428571429
2024-03-12,17.384615384615383,2.3076923076923075,42.483538461538465,15.401692307692308,9.384153846153847
2024-03-14,14.6491875,2.0,46.24628571428571,20.6731875,12.1673125
2024-03-15,20.011615384615386,2.25,41.480384615384615,18.912923076923075,10.951230769230769
2024-03-16,13.498285714285714,2.076923076923077,40.803133333333335,19.093,11.1978
2024-03-17,10.0,2.0,51.0017,16.2645,9.9359
2024-03-18,15.307692307692308,2.076923076923077,51.27164285714286,22.087142857142858,12.220857142857142
2024-03-19,19.3125,2.5625,47.951764705882354,32.064235294117644,15.717823529411763
2024-03-20,10.090909090909092,2.0,43.80453846153846,52.79670588235294,20.78270588235294
2024-03-21,7.466666666666667,2.0,57.83611764705882,34.60205882352941,15.542411764705882
2024-03-22,23.466666666666665,2.2,67.33511764705884,52.773529411764706,20.679117647058824
2024-03-23,16.881733333333333,2.5,59.947599999999994,66.52013333333333,23.105666666666664
2024-03-24,12.727272727272727,2.1818181818181817,37.842636363636366,80.19090909090909,29.454545454545453
2024-03-25,10.998750000000001,1.9090909090909092,59.94815384615385,73.846,23.330692307692306
2024-03-26,4.8651333333333335,2.0,70.6363125,11.3843125,4.772875
2024-03-27,4.934888888888889,2.0,67.86284210526316,9.91242105263158,2.979421052631579
2024-03-28,3.835,1.8571428571428572,72.6563125,9.152375,2.799625
2024-03-29,4.0590769230769235,1.8333333333333333,77.92928571428571,8.472285714285714,3.0309285714285714
2024-03-30,4.993888888888889,2.0,76.64473684210526,5.863631578947368,2.148263157894737
2024-03-31,3.0,2.0,80.19141666666667,4.349166666666666,1.7932499999999998
2024-04-01,6.3571875,2.0,75.29,7.1439375,3.455875
2024-04-02,10.390090909090908,2.1,61.88125,14.051416666666666,6.25025
2024-04-03,16.231333333333335,2.0,60.64353846153846,16.194,8.281384615384615
2024-04-04,13.26507142857143,2.0,57.71653333333334,12.977133333333335,9.356466666666668
2024-04-05,16.0335,2.2666666666666666,59.58776470588235,15.341764705882353,11.05264705882353
2024-04-06,18.470117647058824,2.0625,45.00561111111111,29.132722222222224,15.522166666666667
2024-04-07,11.015315789473684,2.0,44.3118,109.85544999999999,40.655
2024-04-08,5.800866666666667,2.0,57.3164375,48.713375,18.788249999999998
2024-04-09,8.426,2.125,78.07033333333334,10.891277777777779,6.633111111111111
2024-04-10,13.607928571428571,2.769230769230769,66.62642857142858,14.56242857142857,10.223142857142857
2024-04-11,14.277416666666667,2.5454545454545454,57.171,16.943615384615384,10.372769230769231
2024-04-12,13.693299999999999,3.0,61.14881818181818,17.70309090909091,10.025272727272727
2024-04-13,7.6199375,4.6,68.67411764705882,23.033470588235296,11.18935294117647
2024-04-14,7.572666666666667,3.7142857142857144,80.06566666666666,27.555733333333333,13.731666666666666
2024-04-15,10.634888888888888,3.7058823529411766,76.46,24.451,14.56561111111111
2024-04-16,16.44323076923077,3.25,58.46528571428571,34.07485714285714,19.859214285714284
2024-04-17,12.171764705882353,2.9166666666666665,55.58455555555555,70.94105555555556,27.356833333333334
2024-04-18,5.545454545454546,2.0,88.59516666666667,54.34,21.247916666666665
2024-04-19,7.5,2.0625,72.609375,61.571937500000004,22.3776875
2024-04-20,6.5,2.3333333333333335,79.21984615384615,31.548000000000002,11.945
2024-04-21,4.810642857142858,2.0,74.51278571428573,18.169785714285716,7.148499999999999
2024-04-22,11.76923076923077,2.0,69.05228571428572,16.045785714285717,8.002857142857142
2024-04-23,11.411764705882353,2.8823529411764706,67.67666666666668,17.08716666666667,9.834722222222222
2024-04-24,13.0355,3.0,65.58826315789473,17.931421052631578,10.478684210526316
2024-04-25,11.571428571428571,2.857142857142857,61.6226,18.20446666666667,9.576
2024-04-26,10.428571428571429,2.4285714285714284,69.0976,16.974733333333333,8.048399999999999
2024-04-27,5.746666666666666,2.0,84.94647368421052,9.019,3.5538421052631577
2024-04-28,4.843923076923077,2.0,69.8865,8.652857142857142,3.8940714285714284
2024-04-29,10.132266666666668,2.2857142857142856,65.1478,10.3746,5.697
2024-04-30,5.230769230769231,2.0,72.96557142857144,10.613,5.561428571428571
2024-05-01,2.920125,2.0,68.78655555555555,7.596444444444444,4.229333333333333
2024-05-02,11.521888888888888,2.4705882352941178,62.943444444444445,7.115555555555556,3.901722222222222
2024-05-03,10.741166666666667,2.5555555555555554,52.02446153846154,10.306230769230769,5.280923076923077
2024-05-04,7.909846153846154,2.75,80.64471428571429,14.052857142857144,8.446857142857143
2024-05-05,6.0,2.611111111111111,63.30831578947368,15.293052631578947,8.214947368421052
2024-05-06,6.75,2.0,50.526833333333336,12.061833333333333,4.789666666666666
2024-05-07,12.039166666666667,2.411764705882353,1.7955263157894734,12.869052631578947,6.584947368421052
2024-05-08,13.7928125,2.6153846153846154,79.85335294117647,15.307176470588233,9.180176470588234
2024-05-09,10.583333333333334,2.3333333333333335,76.85916666666667,17.989166666666666,9.054666666666668
2024-05-10,11.081000000000001,2.6153846153846154,86.28333333333333,17.624399999999998,9.306266666666666
2024-05-11,6.358928571428572,2.230769230769231,97.85953333333333,16.46173333333333,7.855133333333333
2024-05-12,4.874416666666667,2.272727272727273,82.93492307692307,17.412692307692307,8.225076923076923
2024-05-13,9.553733333333332,2.0,61.7553125,24.062,11.016625
2024-05-14,5.176866666666666,2.0,69.87506666666667,19.467466666666667,7.550733333333333
2024-05-15,3.219888888888889,2.0,80.77029999999999,10.6406,6.236800000000001
2024-05-16,6.372388888888889,2.0588235294117645,84.06763157894737,10.434894736842105,
2024-05-17,6.033,2.0,73.1849375,10.546625,
2024-05-18,6.9375,2.125,69.8861875,13.2263125,5.722666666666666
2024-05-19,6.2,2.0,66.880625,14.6786875,6.343
2024-05-20,5.897266666666667,2.0,74.8124375,13.6440625,5.8945
2024-05-21,4.934769230769231,2.0833333333333335,77.04778571428572,14.760785714285715,5.976071428571429
2024-05-22,10.850454545454546,2.0,73.77425,14.099916666666667,6.25375
2024-05-23,8.857142857142858,2.4285714285714284,87.38,15.067142857142857,7.955642857142856
2024-05-24,12.183066666666667,2.5714285714285716,84.786625,20.69825,8.9454375
2024-05-25,7.545454545454546,2.5454545454545454,98.84572727272726,23.447363636363637,10.569272727272727
2024-05-26,12.538461538461538,2.5384615384615383,73.33653846153847,31.77376923076923,15.871307692307692
2024-05-27,12.692307692307692,2.1538461538461537,79.59692857142856,33.984071428571426,13.03057142857143
2024-05-28,12.44125,2.6666666666666665,90.448125,31.437,11.98125
2024-05-29,13.25,2.25,98.36241176470588,42.21441176470588,13.993
2024-05-30,12.1235625,2.3333333333333335,98.6651875,47.2808125,15.971125
2024-05-31,11.902999999999999,2.6,101.63558333333333,48.47408333333333,17.205166666666667
2024-06-01,4.6824615384615385,2.0,91.99361538461538,34.043692307692304,12.469000000000001
2024-06-02,3.3846153846153846,2.0,85.54669230769231,22.577384615384613,8.477461538461538
2024-06-03,6.655285714285715,2.076923076923077,96.32766666666666,17.418200000000002,7.299666666666667
2024-06-04,9.857142857142858,2.7857142857142856,92.25953333333334,21.650133333333333,8.020199999999999
2024-06-05,14.2348,2.2142857142857144,91.6125,28.9843125,12.8366875
2024-06-06,19.615384615384617,2.5384615384615383,87.54471428571428,33.276857142857146,12.222142857142858
2024-06-07,7.105263157894737,2.1052631578947367,87.4125,43.897149999999996,15.3713
2024-06-08,4.169266666666667,2.0,74.101,24.648375,10.1303125
2024-06-09,3.4,2.0,63.553599999999996,12.9532,5.1819999999999995
2024-06-10,6.608384615384614,2.0,79.69476923076923,14.030999999999999,6.4719999999999995
2024-06-12,5.611,2.0,75.3789,20.439363636363638,7.758090909090909
2024-06-13,7.636363636363637,2.3636363636363638,80.15581818181818,22.707272727272727,12.332454545454546
2024-06-14,13.587714285714286,2.5384615384615383,83.3224,22.047866666666668,11.125933333333334
2024-06-15,5.4748125,3.0625,76.95058823529412,23.606117647058824,10.330411764705882
2024-06-16,3.8374,2.8666666666666667,70.59519999999999,17.4508,6.498666666666667
2024-06-17,9.256416666666667,2.727272727272727,72.75500000000001,20.46161538461538,7.933923076923076
2024-06-18,2.6,2.2,61.095727272727274,19.151727272727275,7.0947272727272725
2024-06-19,2.6146875,2.0,62.57464705882353,14.633235294117648,4.652117647058823
2024-06-20,5.205,2.066666666666667,70.01325,13.0125,5.07225
2024-06-21,10.923076923076923,2.6923076923076925,69.04261538461539,16.543,8.871692307692307
2024-06-22,8.483684210526315,2.789473684210526,88.80263157894737,19.53215789473684,10.589578947368421
2024-06-23,8.854545454545455,2.727272727272727,81.0340909090909,16.62018181818182,9.09
2024-06-24,9.328733333333334,3.0,92.7228,17.45,9.8324
2024-06-25,4.953875,2.6153846153846154,91.4968125,18.26375,10.2553125
2024-06-26,5.470588235294118,2.823529411764706,89.2279411764706,22.040470588235294,10.315
2024-06-27,3.875,2.0625,70.7109375,17.9940625,7.3434375
2024-06-28,6.533333333333333,2.1333333333333333,65.24166666666666,15.8976,6.537
2024-06-29,2.5059411764705883,2.0,72.68382352941177,11.559823529411764,5.442352941176471
2024-06-30,2.6842105263157894,2.210526315789474,64.0592105263158,10.183368421052633,5.570526315789474
2024-07-01,4.066666666666666,2.066666666666667,52.55833333333333,10.862266666666667,6.147
2024-07-02,11.777777777777779,2.611111111111111,76.08333333333333,22.949944444444444,7.595000000000001
2024-07-03,11.285714285714286,2.857142857142857,84.125,29.884500000000003,11.613214285714287
2024-07-04,11.069285714285714,3.230769230769231,95.49128571428571,29.098285714285712,14.236642857142856
2024-07-05,7.1,3.0,105.21606666666666,25.874466666666667,13.616800000000001
2024-07-06,4.1360769230769225,2.0833333333333335,87.94923076923077,25.931615384615384,11.086538461538462
2024-07-07,2.948571428571429,2.5714285714285716,73.28442857142856,17.043857142857142,7.234714285714285
2024-07-08,5.875,2.8125,88.6640625,15.472625,6.3590625
2024-07-09,8.779882352941177,3.066666666666667,86.44788235294118,22.232647058823527,9.052941176470588
2024-07-10,7.4098125,3.2,73.888375,22.407062500000002,9.472375
2024-07-11,9.866666666666667,3.0,64.36666666666666,24.107733333333332,11.109
2024-07-12,6.176470588235294,2.764705882352941,73.78676470588235,22.885235294117646,10.760529411764706
2024-07-14,2.0625,3.25,85.95071428571428,15.3278,6.546600000000001
2024-07-15,6.294117647058823,3.1176470588235294,82.56617647058823,15.579647058823529,6.953823529411765
2024-07-16,7.421692307692307,2.8333333333333335,54.96784615384615,17.74623076923077,7.365615384615385
2024-07-17,11.571428571428571,3.0,72.57085714285714,24.18035714285714,10.17357142857143
2024-07-18,11.5,3.0,84.14406666666667,27.929266666666667,11.1758
2024-07-19,12.8125,3.0,66.0,39.1434375,14.1496875
2024-07-20,6.873909090909091,3.0,77.99249999999999,53.631499999999996,15.730416666666668
2024-07-21,3.877846153846154,2.4615384615384617,68.09753846153846,19.99653846153846,8.086384615384615
2024-07-22,7.914444444444445,2.888888888888889,81.6072,17.4268,8.116800000000001
2024-07-23,14.857142857142858,2.857142857142857,80.49107142857143,25.359214285714284,9.997857142857143
2024-07-24,14.399166666666666,2.7142857142857144,80.96325,33.269416666666665,12.306916666666666
2024-07-25,9.75,2.5833333333333335,97.60458333333334,30.414166666666663,13.930583333333333
2024-07-26,8.307692307692308,1.9230769230769231,76.1923076923077,33.20007692307692,13.459999999999999
2024-07-27,8.59275,2.0,84.7600625,24.2145,8.8859375
2024-07-28,6.6923076923076925,1.5384615384615385,90.51923076923077,24.09,10.298076923076923
2024-07-29,13.25,1.4166666666666667,75.3125,53.43,14.4825
2024-07-30,6.083333333333333,1.0833333333333333,84.07291666666667,65.93166666666667,17.96625
2024-07-31,9.997333333333334,1.0,79.99133333333333,51.187111111111115,16.362111111111112
2024-08-01,11.923076923076923,1.4615384615384615,82.38461538461539,40.9433076923077,14.904769230769231
2024-08-02,6.733333333333333,1.4,92.25833333333334,34.337266666666665,11.901
2024-08-03,5.6,1.3333333333333333,86.20833333333333,26.742466666666665,10.442266666666667
2024-08-04,6.875,1.6875,86.515625,22.0376875,10.829125
2024-08-05,8.0664,2.0,100.30613333333334,27.378066666666665,13.368333333333334
2024-08-06,6.6,2.6666666666666665,101.15833333333333,29.0506,13.870866666666666
2024-08-07,13.0,2.7857142857142856,91.30357142857143,31.890285714285714,13.381214285714284
2024-08-08,12.125,2.9375,91.9140625,32.9549375,15.8359375
2024-08-09,10.933571428571428,2.6153846153846154,100.0355,32.6245,19.12257142857143
2024-08-10,5.833333333333333,2.5,81.59858333333334,36.620333333333335,17.223416666666665
2024-08-11,4.0,2.3333333333333335,83.4828888888889,35.00366666666667,14.709999999999999
2024-08-12,5.466666666666667,2.066666666666667,80.9216,31.202800000000003,12.264000000000001
2024-08-13,6.0,2.142857142857143,95.15466666666667,25.25092857142857,9.864357142857143
2024-08-14,7.75,2.4,75.76875,24.8517,8.99825
2024-08-15,5.294117647058823,2.235294117647059,71.29411764705883,21.52894117647059,7.759882352941177
2024-08-16,12.285714285714286,3.2142857142857144,73.29464285714286,19.323571428571427,9.17842857142857
2024-08-17,6.461538461538462,2.6153846153846154,83.39423076923077,25.093384615384615,10.577538461538463
2024-08-18,8.356,3.0,72.35933333333332,42.673199999999994,12.7408
2024-08-19,8.743882352941176,2.6,68.45688235294118,22.98335294117647,12.089235294117646
2024-08-20,5.857142857142857,2.0714285714285716,84.15721428571429,27.343857142857143,12.24992857142857
2024-08-21,9.333333333333334,2.2,81.50373333333333,27.6032,14.675933333333335
2024-08-22,5.426749999999999,2.3636363636363638,90.14933333333333,31.316,14.493250000000002
2024-08-23,6.388888888888889,2.2222222222222223,86.31944444444444,28.628944444444446,12.192277777777779
2024-08-24,8.0625,2.3125,83.4765625,34.720875,14.94
2024-08-25,5.071428571428571,2.5714285714285716,82.02678571428571,35.19907142857143,14.261785714285713
2024-08-26,7.7272727272727275,2.1818181818181817,76.9090909090909,32.980636363636364,11.818636363636363
2024-08-27,5.214285714285714,2.0,80.8125,46.775214285714284,16.235357142857143
2024-08-28,6.492428571428571,2.0,78.13457142857143,53.47314285714286,17.925857142857144
2024-08-29,5.285714285714286,2.0,82.42857142857143,47.76892857142857,16.701428571428572
2024-08-30,9.6,2.0,77.5,36.382600000000004,13.572
2024-08-31,4.0,2.0,81.984375,55.5398125,16.88625
2024-09-01,3.1740666666666666,2.0,80.318,53.81033333333333,15.753666666666668
2024-09-02,6.090909090909091,2.090909090909091,75.89772727272727,36.69554545454545,12.158181818181818
2024-09-03,5.6265,2.5,67.23833333333333,25.014083333333332,10.047833333333333
2024-09-04,12.066666666666666,2.2,79.275,24.104866666666666,8.925199999999998
2024-09-05,10.380727272727272,2.4,79.18954545454545,34.15709090909091,13.658454545454545
2024-09-06,9.466666666666667,2.3333333333333335,90.35833333333333,32.33546666666667,14.958
2024-09-07,5.320235294117647,3.0,75.88229411764706,27.409000000000002,12.238294117647058
2024-09-08,3.4,3.0,79.15,24.263666666666666,9.774
2024-09-10,8.692307692307692,2.5384615384615383,78.875,20.188,9.838000000000001
2024-09-11,8.176470588235293,2.2941176470588234,87.9265294117647,25.78976470588235,11.739117647058823
2024-09-12,8.666666666666666,2.3333333333333335,91.43333333333334,32.037733333333335,13.698
2024-09-13,12.75,2.4375,68.71875,35.154125,15.8990625
2024-09-14,5.25,2.0,74.0234375,29.185,11.62125
2024-09-15,5.933333333333334,2.2,79.375,21.516466666666666,7.833
2024-09-16,17.8,2.8,73.525,30.931333333333335,11.724
2024-09-17,10.571428571428571,2.857142857142857,68.75892857142857,39.91321428571428,14.229642857142858
2024-09-18,11.0,2.1875,78.046875,38.203625,12.301875
2024-09-19,11.5,2.1875,74.5873125,31.966437499999998,10.096875
2024-09-20,7.777777777777778,2.0,70.78805555555556,32.58916666666667,11.7625
2024-09-21,4.333333333333333,2.2666666666666666,82.06200000000001,27.9066,10.977
2024-09-22,3.2,2.1333333333333333,,21.195800000000002,9.447000000000001
2024-09-23,7.4399999999999995,2.1666666666666665,110.021,32.50628571428572,22.059642857142855
2024-09-24,11.026066666666667,2.6,66.04166666666667,39.33793333333333,25.215
2024-09-25,8.032727272727273,2.0833333333333335,56.385416666666664,34.87233333333334,15.88125
2024-09-26,6.827000000000001,2.0,35.833333333333336,16.938499999999998,7.737500000000001
2024-09-27,,2.0,52.57142857142857,14.733428571428572,4.905
2024-09-28,,2.8,64.59166666666667,20.213466666666665,9.006
2024-09-29,,2.9285714285714284,73.01785714285714,20.13457142857143,8.800714285714285
2024-09-30,,3.0,50.14933333333334,25.847117647058823,10.056176470588236
2024-10-01,,2.8125,56.65625,29.788599999999995,12.5465625
2024-10-02,6.428571428571429,2.8947368421052633,35.223684210526315,36.2254,17.036052631578947
2024-10-03,7.0,2.0,49.23076923076923,22.850076923076923,9.204230769230769
2024-10-04,9.533333333333333,2.235294117647059,50.76470588235294,13.76464705882353,6.11735294117647
2024-10-05,4.636363636363637,2.0,40.57954545454545,15.844181818181818,7.179545454545454
2024-10-06,11.833333333333334,2.0833333333333335,32.40625,17.92925,7.8075
2024-10-07,10.0,2.3333333333333335,21.479166666666668,62.248333333333335,19.6575
2024-10-08,12.466666666666667,2.0,50.108333333333334,36.544399999999996,12.459
2024-10-09,9.375,2.0,56.625,14.9419375,5.20875
2024-10-10,14.384615384615385,2.0,39.58653846153846,13.976769230769232,4.464230769230769
2024-10-11,17.88235294117647,2.176470588235294,31.53676470588235,17.351235294117647,9.366176470588234
2024-10-12,9.266666666666667,2.0,30.341666666666665,15.400666666666666,8.315999999999999
2024-10-13,11.0,2.0,28.602272727272727,11.377,4.782272727272727
2024-10-14,11.375,2.0,17.2421875,13.9858125,4.798125
2024-10-15,14.333333333333334,2.0,46.291666666666664,20.968555555555554,8.76
2024-10-16,4.461538461538462,2.0,56.86636363636364,10.611647058823529,5.4608823529411765
2024-10-17,10.666666666666666,2.0,60.858333333333334,5.772,2.499
2024-10-18,13.533333333333333,2.0,40.016666666666666,12.982666666666667,6.7608
2024-10-19,11.153846153846153,2.0,33.28846153846154,12.60323076923077,6.597769230769231
2024-10-20,12.5,2.0,39.875,12.597642857142857,6.9782142857142855
2024-10-21,23.5,2.2857142857142856,37.8125,17.738785714285715,10.5975
2024-10-22,18.88888888888889,2.1666666666666665,39.208333333333336,18.546666666666667,9.8275
2024-10-23,17.125,2.25,48.8046875,19.0153125,10.513125
2024-10-24,12.928571428571429,2.0,58.642857142857146,15.104642857142858,7.9875
2024-10-25,17.0,2.0588235294117645,43.625,16.54570588235294,8.737941176470587
2024-10-26,6.642857142857143,2.5,52.857142857142854,11.06857142857143,5.1975
2024-10-27,8.357142857142858,2.0,44.13392857142857,7.403928571428572,4.384285714285714
2024-10-28,20.2,2.6,46.8005,8.050076923076922,4.866923076923077
2024-10-29,17.642857142857142,2.142857142857143,38.919642857142854,15.098571428571429,8.154642857142857
2024-10-30,14.923076923076923,2.0,33.30735714285714,25.16342857142857,8.250857142857143
2024-10-31,20.238095238095237,2.0,26.535714285714285,18.294857142857143,6.822857142857143
2024-11-01,11.615384615384615,2.0,30.46153846153846,21.790076923076924,8.809615384615386
2024-11-02,15.153846153846153,2.0,37.81730769230769,40.910000000000004,15.32423076923077
2024-11-03,12.214285714285714,2.0,35.089285714285715,35.97907142857143,12.735
2024-11-04,22.263157894736842,2.0,30.69078947368421,21.81957894736842,9.62763157894737
2024-11-05,17.384615384615383,2.076923076923077,34.46153846153846,28.653384615384617,12.548076923076923
2024-11-06,18.5,2.35,36.775,33.22365,13.4595
2024-11-07,23.23076923076923,2.1538461538461537,37.625,40.64669230769231,14.957307692307692
2024-11-08,21.555555555555557,2.2222222222222223,24.90972222222222,40.097833333333334,15.514999999999999
2024-11-09,17.866666666666667,2.0,27.425,44.00926666666667,18.315
2024-11-10,17.923076923076923,2.4615384615384617,33.34615384615385,33.52669230769231,15.943846153846154
2024-11-11,18.65,1.7647058823529411,29.30123076923077,18.57705,10.75275
2024-11-12,17.1,1.2142857142857142,32.361625000000004,16.206642857142857,9.417857142857143
2024-11-13,11.6875,1.0625,38.9140625,12.82675,7.0846875
2024-11-14,27.157894736842106,1.9473684210526316,28.04605263157895,7.904894736842106,4.695631578947368
2024-11-15,19.272727272727273,2.5454545454545454,18.488636363636363,33.61090909090909,14.394272727272726
2024-11-16,19.923076923076923,2.3846153846153846,31.557692307692307,53.64661538461538,15.798461538461538
2024-11-17,18.615384615384617,2.3846153846153846,25.932692307692307,35.76992307692308,13.67653846153846
2024-11-18,19.055555555555557,2.2222222222222223,16.583333333333332,33.27522222222222,15.625
2024-11-19,33.0,2.625,30.3745,32.64625,15.204375
2024-11-20,18.1,2.7,26.9377,24.938200000000002,12.4785
2024-11-21,14.357142857142858,2.857142857142857,23.107142857142858,18.667357142857146,10.754999999999999
2024-11-22,19.3125,3.0,29.75,15.976312499999999,9.028125
2024-11-23,16.11111111111111,2.4444444444444446,30.430555555555557,15.18838888888889,9.2075
2024-11-24,24.416666666666668,2.9166666666666665,25.875,15.701250000000002,11.032499999999999
2024-11-25,27.766849999999998,2.9375,28.245350000000002,32.44575,15.4755
2024-11-26,18.733333333333334,2.8,22.07046666666667,24.362066666666667,9.147
2024-11-27,21.916666666666668,3.1666666666666665,19.854166666666668,16.517333333333333,8.133750000000001
2024-11-28,24.866666666666667,3.0,22.841666666666665,22.1174,12.435
2024-11-29,23.4,3.1,12.872499999999999,28.508999999999997,18.5355
2024-11-30,16.38095238095238,3.0,16.586904761904762,37.42133333333333,17.96785714285714
2024-12-01,13.294117647058824,2.823529411764706,15.5,63.90135294117648,23.712352941176473
2024-12-02,20.0,2.9,11.1321,67.72569999999999,27.297000000000004
2024-12-03,21.4,2.933333333333333,14.513866666666667,61.328266666666664,31.923
2024-12-04,17.0,2.933333333333333,26.383333333333333,43.373666666666665,22.242
2024-12-05,20.0,2.9444444444444446,19.01388888888889,23.04138888888889,13.29
2024-12-06,14.923076923076923,3.0,20.076923076923077,23.330000000000002,16.051153846153845
2024-12-07,17.823529411764707,3.0,13.051470588235293,25.569117647058825,19.220294117647057
2024-12-08,14.727272727272727,3.0,33.09090909090909,23.553727272727272,16.07318181818182
2024-12-09,18.35,3.05,33.8875,17.7104,11.85525
2024-12-10,21.5,3.5,25.35,19.448,13.319999999999999
2024-12-11,29.5,3.5714285714285716,28.919642857142858,21.71307142857143,14.625
2024-12-12,25.0,3.4444444444444446,20.666666666666668,22.506944444444443,15.7325
2024-12-13,25.09090909090909,3.090909090909091,22.108,21.359363636363636,16.363636363636363
2024-12-14,19.0,3.0,22.23611111111111,18.719944444444444,14.162500000000001
2024-12-15,13.846153846153847,3.076923076923077,28.259615384615383,21.33669230769231,16.22423076923077
2024-12-16,20.133333333333333,3.2666666666666666,29.5,17.384866666666667,12.4742
2024-12-17,29.5,3.3333333333333335,25.270833333333332,28.33475,14.891083333333334
2024-12-18,27.615384615384617,3.1538461538461537,24.23076923076923,28.613384615384614,19.226769230769232
2024-12-19,33.0,3.4375,10.468625,38.9918125,23.9596875
2024-12-20,21.733333333333334,3.0,35.12466666666667,41.07133333333333,20.529
2024-12-21,19.533333333333335,3.066666666666667,30.766666666666666,18.03533333333333,12.363
2024-12-22,21.0625,3.1875,32.9921875,21.30375,14.18625
2024-12-23,19.9375,3.0625,22.46875,24.1204375,16.1296875
2024-12-24,18.6,3.066666666666667,42.28333333333333,18.370533333333334,12.03
2024-12-25,21.2,3.2666666666666666,29.575,21.346066666666665,14.76
2024-12-26,27.177,3.25,21.009142857142855,30.01457142857143,20.35928571428571
2024-12-27,21.4,3.1333333333333333,19.066666666666666,35.79626666666666,23.049
2024-12-28,20.928571428571427,3.0,31.098214285714285,33.66685714285715,20.979642857142856
2024-12-29,13.285714285714286,3.0,24.446428571428573,24.155357142857145,16.196785714285713
2024-12-30,24.41176470588235,3.2941176470588234,27.183823529411764,27.934764705882355,17.515588235294118
2024-12-31,18.23076923076923,3.076923076923077,33.13461538461539,29.676615384615385,18.20423076923077
2025-01-01,19.0,3.3076923076923075,47.5,32.39346153846154,25.605
2025-01-02,26.25,3.3125,29.171875,21.9591875,14.0090625
2025-01-03,25.4375,3.3125,27.28125,27.5600625,16.1409375
2025-01-04,24.5625,3.4375,25.2890625,30.531125,19.850625
2025-01-05,11.666666666666666,3.4444444444444446,36.458333333333336,30.747333333333334,19.64
2025-01-06,11.428571428571429,3.0,61.0625,17.927642857142857,9.189642857142857
2025-01-07,17.692307692307693,3.0,30.58653846153846,11.479923076923077,6.078461538461538
2025-01-08,25.375,3.1333333333333333,26.3656875,17.5689375,9.91125
2025-01-09,23.0,3.0,29.226285714285716,18.472285714285714,13.236428571428572
2025-01-10,19.331666666666667,3.0,13.639999999999999,17.957333333333334,10.41
2025-01-11,16.6,3.0,17.0875,25.1767,15.147
2025-01-12,13.23076923076923,3.0,29.10576923076923,20.573384615384615,13.846153846153847
2025-01-13,20.533333333333335,3.066666666666667,35.6,13.482333333333333,10.371
2025-01-14,22.1992,3.2857142857142856,36.06066666666666,16.518533333333334,11.729999999999999
2025-01-15,30.4,3.7333333333333334,31.766666666666666,23.974800000000002,16.619999999999997
2025-01-16,29.842105263157894,3.8421052631578947,28.585526315789473,30.440526315789473,22.18026315789474
2025-01-17,23.5625,3.3125,32.7890625,28.2154375,20.401875
2025-01-18,20.533333333333335,3.1333333333333333,37.99166666666667,16.1778,11.631
2025-01-19,20.6875,3.625,30.453125,21.079,15.85125
2025-01-20,26.612333333333336,3.15,19.959958333333333,29.361874999999998,21.87
2025-01-21,23.956521739130434,3.0869565217391304,28.892500000000002,19.93616666666667,13.680333333333332
